date,nav
27-07-2026,307.97660
24-07-2026,306.23820
23-07-2026,306.94080
22-07-2026,311.25000
21-07-2026,315.10610
20-07-2026,314.41200
17-07-2026,313.46890
16-07-2026,315.12110
15-07-2026,315.77110
14-07-2026,314.13810
13-07-2026,315.21800
10-07-2026,313.97120
09-07-2026,310.62320
08-07-2026,307.36310
07-07-2026,313.93040
06-07-2026,315.96890
03-07-2026,313.57920
02-07-2026,312.00320
01-07-2026,309.76850
30-06-2026,309.14830
29-06-2026,306.52250
25-06-2026,307.09270
24-06-2026,306.55520
23-06-2026,304.79850
22-06-2026,307.50830
19-06-2026,305.70600
18-06-2026,303.27510
17-06-2026,300.05200
16-06-2026,299.65410
15-06-2026,298.10910
12-06-2026,295.64960
11-06-2026,289.27670
10-06-2026,289.75450
09-06-2026,293.13660
08-06-2026,288.98970
05-06-2026,294.48400
04-06-2026,294.08030
03-06-2026,293.23400
02-06-2026,292.97140
01-06-2026,291.16060
29-05-2026,292.92740
27-05-2026,294.21350
26-05-2026,292.24810
25-05-2026,291.25110
22-05-2026,286.85360
21-05-2026,287.05520
20-05-2026,285.88600
19-05-2026,284.42900
18-05-2026,283.00830
15-05-2026,285.36800
14-05-2026,286.90870
13-05-2026,284.92730
12-05-2026,283.25770
11-05-2026,289.40820
08-05-2026,292.19250
07-05-2026,292.83830
06-05-2026,289.09720
05-05-2026,284.66200
04-05-2026,283.62620
30-04-2026,280.48190
29-04-2026,280.36280
28-04-2026,278.77150
27-04-2026,277.18260
24-04-2026,273.10870
23-04-2026,275.43230
22-04-2026,276.51550
21-04-2026,272.93270
20-04-2026,271.21390
17-04-2026,271.90260
16-04-2026,269.24880
15-04-2026,268.39250
13-04-2026,263.86480
10-04-2026,264.30100
09-04-2026,259.44060
08-04-2026,259.92730
07-04-2026,250.80040
06-04-2026,250.99470
02-04-2026,247.99520
01-04-2026,247.89910
31-03-2026,239.92920
30-03-2026,239.93200
27-03-2026,245.17140
25-03-2026,250.37430
24-03-2026,245.92540
23-03-2026,240.99880
20-03-2026,248.63700
19-03-2026,247.03720
18-03-2026,252.80640
17-03-2026,248.65190
16-03-2026,247.05470
13-03-2026,246.76710
12-03-2026,251.76120
11-03-2026,250.51570
10-03-2026,251.29620
09-03-2026,247.41760
06-03-2026,251.84710
05-03-2026,253.17230
04-03-2026,250.20140
02-03-2026,254.60500
27-02-2026,258.43450
26-02-2026,260.79310
25-02-2026,261.20160
24-02-2026,260.14780
23-02-2026,261.59320
20-02-2026,261.06580
19-02-2026,261.48480
18-02-2026,265.12550
17-02-2026,264.90250
16-02-2026,263.07620
13-02-2026,263.02430
12-02-2026,267.63700
11-02-2026,268.89340
10-02-2026,268.59360
09-02-2026,267.67590
06-02-2026,261.98820
05-02-2026,263.18510
04-02-2026,264.69600
03-02-2026,262.09680
02-02-2026,253.08460
30-01-2026,256.27550
29-01-2026,253.63030
28-01-2026,253.89040
27-01-2026,250.37080
23-01-2026,250.40820
22-01-2026,256.61110
21-01-2026,254.30930
20-01-2026,256.04080
19-01-2026,261.47290
16-01-2026,265.16540
14-01-2026,266.33060
13-01-2026,266.09370
12-01-2026,267.01350
09-01-2026,268.21060
08-01-2026,271.66380
07-01-2026,276.67660
06-01-2026,276.78430
05-01-2026,277.86610
02-01-2026,278.56690
01-01-2026,276.87840
31-12-2025,276.76640
30-12-2025,272.96360
29-12-2025,272.90210
26-12-2025,273.87320
24-12-2025,274.56420
23-12-2025,275.70110
22-12-2025,275.06690
19-12-2025,273.03150
18-12-2025,270.53960
17-12-2025,271.86690
16-12-2025,273.75690
15-12-2025,276.06720
12-12-2025,275.43540
11-12-2025,274.00340
10-12-2025,272.21020
09-12-2025,272.56980
08-12-2025,270.79350
05-12-2025,275.27550
04-12-2025,276.05180
03-12-2025,276.41330
02-12-2025,278.80760
01-12-2025,279.90720
28-11-2025,280.14640
27-11-2025,280.94460
26-11-2025,281.58420
25-11-2025,278.74790
24-11-2025,278.06520
21-11-2025,280.04490
20-11-2025,282.99370
19-11-2025,282.89510
18-11-2025,283.85820
17-11-2025,285.22170
14-11-2025,283.93420
13-11-2025,283.12810
12-11-2025,284.04230
11-11-2025,282.02350
10-11-2025,281.51700
07-11-2025,281.20360
06-11-2025,280.32940
04-11-2025,283.60700
03-11-2025,285.65520
31-10-2025,284.11780
30-10-2025,285.57050
29-10-2025,286.62010
28-10-2025,285.04250
27-10-2025,285.04440
24-10-2025,283.68350
23-10-2025,284.37810
20-10-2025,284.74470
17-10-2025,281.15360
16-10-2025,282.00680
15-10-2025,280.66120
14-10-2025,278.45180
13-10-2025,279.87270
10-10-2025,280.45750
09-10-2025,279.70330
08-10-2025,278.47500
07-10-2025,279.41960
06-10-2025,279.36010
03-10-2025,279.05920
01-10-2025,276.46870
30-09-2025,272.46100
26-09-2025,273.32530
25-09-2025,277.60700
24-09-2025,279.03100
23-09-2025,282.19310
22-09-2025,283.76440
19-09-2025,283.88790
18-09-2025,282.20630
17-09-2025,281.42370
16-09-2025,280.97970
15-09-2025,279.20950
12-09-2025,277.27470
11-09-2025,276.68160
10-09-2025,275.60190
09-09-2025,275.26050
08-09-2025,275.11520
05-09-2025,274.14450
04-09-2025,273.44330
03-09-2025,274.42810
02-09-2025,272.98820
01-09-2025,271.73730
29-08-2025,268.98770
28-08-2025,270.12270
26-08-2025,272.26280
25-08-2025,276.93190
22-08-2025,276.31390
21-08-2025,277.09880
20-08-2025,277.40050
19-08-2025,277.28240
18-08-2025,274.49330
14-08-2025,270.61980
13-08-2025,271.61130
12-08-2025,270.15030
11-08-2025,270.37460
08-08-2025,268.14090
07-08-2025,271.47720
06-08-2025,272.40910
05-08-2025,275.47470
04-08-2025,277.37730
01-08-2025,274.56720
31-07-2025,278.83470
30-07-2025,280.96260
29-07-2025,280.38410
28-07-2025,276.39460
25-07-2025,279.17260
24-07-2025,283.61850
23-07-2025,284.98680
22-07-2025,283.49050
21-07-2025,285.47680
18-07-2025,286.63890
17-07-2025,287.66050
16-07-2025,287.15090
15-07-2025,286.57260
14-07-2025,285.49140
11-07-2025,283.92720
10-07-2025,285.02120
09-07-2025,285.34440
08-07-2025,285.25700
07-07-2025,284.81960
04-07-2025,285.07460
03-07-2025,284.00930
02-07-2025,283.40190
01-07-2025,284.48090
30-06-2025,283.81520
27-06-2025,282.34010
26-06-2025,280.03460
25-06-2025,277.44800
24-06-2025,273.42960
23-06-2025,271.44790
20-06-2025,271.35790
19-06-2025,269.55830
18-06-2025,273.04190
17-06-2025,273.95520
16-06-2025,275.61760
13-06-2025,275.01300
12-06-2025,276.60080
11-06-2025,279.33420
10-06-2025,278.35640
09-06-2025,278.32270
06-06-2025,275.41040
05-06-2025,274.26860
04-06-2025,272.96500
03-06-2025,271.56110
02-06-2025,272.97520
30-05-2025,272.57770
29-05-2025,272.46400
28-05-2025,271.43980
27-05-2025,272.24180
26-05-2025,270.28460
23-05-2025,270.13820
22-05-2025,269.56460
21-05-2025,270.64850
20-05-2025,270.63720
19-05-2025,273.27260
16-05-2025,270.62780
15-05-2025,268.15930
14-05-2025,265.95750
13-05-2025,263.77170
12-05-2025,262.96370
09-05-2025,252.83310
08-05-2025,255.13210
07-05-2025,258.02620
06-05-2025,255.89120
05-05-2025,259.77620
02-05-2025,255.93630
30-04-2025,256.44120
29-04-2025,259.48700
28-04-2025,259.89790
25-04-2025,256.30710
24-04-2025,261.50380
23-04-2025,259.98880
22-04-2025,259.41510
21-04-2025,259.09000
17-04-2025,255.70990
16-04-2025,254.00150
15-04-2025,250.98430
11-04-2025,244.64210
09-04-2025,238.96620
08-04-2025,241.02240
07-04-2025,236.69970
04-04-2025,244.40810
03-04-2025,251.96530
02-04-2025,249.54650
01-04-2025,248.46080
31-03-2025,248.44300
28-03-2025,248.44110
27-03-2025,250.22550
26-03-2025,246.92890
25-03-2025,249.65340
24-03-2025,253.40740
21-03-2025,251.18910
20-03-2025,248.64110
19-03-2025,246.54510
18-03-2025,242.03910
17-03-2025,238.07320
13-03-2025,238.24760
12-03-2025,239.62310
11-03-2025,239.49940
10-03-2025,240.34660
07-03-2025,244.22550
06-03-2025,242.95120
05-03-2025,239.10010
04-03-2025,234.03090
03-03-2025,231.67230
28-02-2025,232.72600
27-02-2025,237.17120
25-02-2025,240.11950
24-02-2025,240.70770
21-02-2025,243.75340
20-02-2025,243.98540
19-02-2025,242.13470
18-02-2025,236.41050
17-02-2025,238.91140
14-02-2025,239.52500
13-02-2025,245.65540
12-02-2025,248.11690
11-02-2025,249.38260
10-02-2025,256.35860
07-02-2025,262.59870
06-02-2025,265.05980
05-02-2025,265.44860
04-02-2025,262.14520
03-02-2025,257.20670
31-01-2025,260.34130
30-01-2025,256.50500
29-01-2025,255.63620
28-01-2025,250.14230
27-01-2025,252.38400
24-01-2025,259.88340
23-01-2025,264.87600
22-01-2025,264.93720
21-01-2025,267.96590
20-01-2025,273.01350
17-01-2025,271.93220
16-01-2025,271.44930
15-01-2025,267.96410
14-01-2025,267.87430
13-01-2025,263.08290
10-01-2025,272.55580
09-01-2025,278.63290
08-01-2025,282.00840
07-01-2025,283.70330
06-01-2025,278.17430
03-01-2025,285.48930
02-01-2025,284.81850
01-01-2025,282.76470
31-12-2024,280.58590
30-12-2024,279.70310
27-12-2024,279.43970
26-12-2024,278.73680
24-12-2024,279.46990
23-12-2024,278.59140
20-12-2024,279.19820
19-12-2024,283.82870
18-12-2024,287.00550
17-12-2024,290.22850
16-12-2024,292.89290
13-12-2024,292.55760
12-12-2024,293.02370
11-12-2024,296.21540
10-12-2024,296.05220
09-12-2024,295.54560
06-12-2024,296.34910
05-12-2024,296.15110
04-12-2024,296.19890
03-12-2024,295.65700
02-12-2024,292.30390
29-11-2024,291.97510
28-11-2024,289.35860
27-11-2024,287.72750
26-11-2024,283.86230
25-11-2024,283.39260
22-11-2024,277.31340
21-11-2024,274.76820
19-11-2024,279.26040
18-11-2024,278.86140
14-11-2024,280.69780
13-11-2024,277.55740
12-11-2024,284.09140
11-11-2024,287.00170
08-11-2024,290.26150
07-11-2024,294.43960
06-11-2024,296.07060
05-11-2024,292.80410
04-11-2024,290.69890
31-10-2024,291.61230
30-10-2024,288.89370
29-10-2024,285.81210
28-10-2024,283.83300
25-10-2024,279.77250
24-10-2024,284.50390
23-10-2024,285.46370
22-10-2024,283.60530
21-10-2024,292.82530
18-10-2024,296.89190
17-10-2024,296.72520
16-10-2024,300.80340
15-10-2024,300.09990
14-10-2024,298.27970
11-10-2024,298.01930
10-10-2024,297.35990
09-10-2024,296.77280
08-10-2024,295.40420
07-10-2024,289.20870
04-10-2024,296.27530
03-10-2024,298.78030
01-10-2024,305.16920
30-09-2024,304.48140
27-09-2024,306.51810
26-09-2024,304.64720
25-09-2024,305.01450
24-09-2024,305.87250
23-09-2024,306.28710
20-09-2024,303.15080
19-09-2024,301.29030
18-09-2024,303.82090
17-09-2024,304.37570
16-09-2024,304.63970
13-09-2024,305.00970
12-09-2024,304.16050
11-09-2024,302.17240
10-09-2024,304.56460
09-09-2024,301.49720
06-09-2024,302.36950
05-09-2024,305.45580
04-09-2024,304.44730
03-09-2024,304.17580
02-09-2024,302.29310
30-08-2024,300.15450
29-08-2024,299.02040
28-08-2024,299.79200
27-08-2024,301.02530
26-08-2024,300.63560
23-08-2024,300.26360
22-08-2024,299.54330
21-08-2024,299.08920
20-08-2024,297.56970
19-08-2024,295.18070
16-08-2024,291.26320
14-08-2024,287.40930
13-08-2024,290.01780
12-08-2024,293.78170
09-08-2024,293.88220
08-08-2024,290.68760
07-08-2024,291.62720
06-08-2024,285.38560
05-08-2024,285.67360
02-08-2024,294.90460
01-08-2024,296.73070
31-07-2024,298.30870
30-07-2024,298.58700
29-07-2024,297.33150
26-07-2024,295.08920
25-07-2024,291.73830
24-07-2024,292.62800
23-07-2024,288.37550
22-07-2024,290.95460
19-07-2024,290.15490
18-07-2024,293.81320
16-07-2024,296.45670
15-07-2024,296.47720
12-07-2024,295.41620
11-07-2024,295.81840
10-07-2024,293.47450
09-07-2024,294.40910
08-07-2024,295.34570
05-07-2024,295.57330
04-07-2024,294.09600
03-07-2024,291.80890
02-07-2024,289.03420
01-07-2024,289.10630
28-06-2024,286.64210
27-06-2024,285.81070
26-06-2024,287.02690
25-06-2024,285.54460
24-06-2024,285.61460
21-06-2024,287.50150
20-06-2024,288.58750
19-06-2024,286.42220
18-06-2024,286.77840
14-06-2024,284.84390
13-06-2024,283.06110
12-06-2024,281.29430
11-06-2024,278.50390
10-06-2024,276.43270
07-06-2024,277.13630
06-06-2024,271.95440
05-06-2024,263.62710
04-06-2024,254.17500
03-06-2024,277.07070
31-05-2024,270.03180
30-05-2024,266.59240
29-05-2024,271.08040
28-05-2024,271.10560
27-05-2024,273.30780
24-05-2024,273.36960
23-05-2024,273.77500
22-05-2024,273.08110
21-05-2024,271.39580
17-05-2024,268.31860
16-05-2024,265.66050
15-05-2024,264.49610
14-05-2024,263.33320
13-05-2024,258.31630
10-05-2024,258.84740
09-05-2024,256.91320
08-05-2024,262.83730
07-05-2024,260.99220
06-05-2024,265.18330
03-05-2024,269.43930
02-05-2024,271.35120
30-04-2024,271.11320
29-04-2024,271.01480
26-04-2024,269.77970
25-04-2024,268.47440
24-04-2024,267.21740
23-04-2024,265.90120
22-04-2024,264.15070
19-04-2024,261.50340
18-04-2024,261.36040
16-04-2024,260.52940
15-04-2024,259.87910
12-04-2024,263.58280
10-04-2024,264.85730
09-04-2024,263.22490
08-04-2024,262.11460
05-04-2024,261.71350
04-04-2024,259.27610
03-04-2024,258.37280
02-04-2024,256.03520
01-04-2024,253.32220
31-03-2024,246.60890
28-03-2024,246.61410
27-03-2024,245.80690
26-03-2024,243.51540
22-03-2024,244.14290
21-03-2024,242.82880
20-03-2024,237.19350
19-03-2024,237.74440
18-03-2024,240.80790
15-03-2024,239.26370
14-03-2024,239.60480
13-03-2024,232.62660
12-03-2024,246.98860
11-03-2024,251.20510
07-03-2024,255.20050
06-03-2024,253.97730
05-03-2024,257.46500
04-03-2024,258.60520
01-03-2024,257.01240
29-02-2024,254.02170
28-02-2024,252.86710
27-02-2024,258.21650
26-02-2024,260.09960
23-02-2024,261.44300
22-02-2024,259.23710
21-02-2024,255.55030
20-02-2024,257.44890
19-02-2024,257.01100
16-02-2024,254.69940
15-02-2024,253.31140
14-02-2024,250.41740
13-02-2024,246.11570
12-02-2024,244.88290
09-02-2024,253.98390
08-02-2024,257.33470
07-02-2024,257.70100
06-02-2024,257.66520
05-02-2024,256.96870
02-02-2024,255.23090
01-02-2024,252.34390
31-01-2024,252.38930
30-01-2024,249.01100
29-01-2024,248.66790
25-01-2024,243.70220
24-01-2024,240.23250
23-01-2024,235.66370
19-01-2024,239.77480
18-01-2024,236.61850
17-01-2024,236.33130
16-01-2024,238.96940
15-01-2024,239.95450
12-01-2024,238.83440
11-01-2024,238.13300
10-01-2024,235.44750
09-01-2024,233.87600
08-01-2024,232.54540
05-01-2024,233.31460
04-01-2024,232.90550
03-01-2024,229.80790
02-01-2024,228.96050
01-01-2024,228.27630
29-12-2023,227.19520
28-12-2023,226.36120
27-12-2023,224.73030
26-12-2023,224.12670
22-12-2023,222.75730
21-12-2023,220.59870
20-12-2023,215.55220
19-12-2023,224.16030
18-12-2023,222.90030
15-12-2023,221.26350
14-12-2023,219.41180
13-12-2023,218.01730
12-12-2023,216.72210
11-12-2023,217.72880
08-12-2023,216.53360
07-12-2023,217.33890
06-12-2023,216.97570
05-12-2023,216.18700
04-12-2023,214.72030
01-12-2023,211.55370
30-11-2023,210.33100
29-11-2023,208.51690
28-11-2023,207.03890
24-11-2023,205.37490
23-11-2023,204.33000
22-11-2023,203.17400
21-11-2023,203.46840
20-11-2023,202.50140
17-11-2023,202.73240
16-11-2023,202.56040
15-11-2023,202.49890
13-11-2023,200.80100
10-11-2023,197.51760
09-11-2023,196.40340
08-11-2023,197.09270
07-11-2023,195.76330
06-11-2023,194.23840
03-11-2023,192.39370
02-11-2023,191.10260
01-11-2023,189.54420
31-10-2023,190.31910
30-10-2023,190.11800
27-10-2023,189.62450
26-10-2023,185.33370
25-10-2023,186.11060
23-10-2023,187.09220
20-10-2023,195.13460
19-10-2023,197.21130
18-10-2023,196.96190
17-10-2023,198.24100
16-10-2023,197.64300
13-10-2023,197.58260
12-10-2023,197.64950
11-10-2023,196.33890
10-10-2023,195.53080
09-10-2023,192.66760
06-10-2023,196.71130
05-10-2023,194.99880
04-10-2023,194.64070
03-10-2023,196.62820
29-09-2023,195.97690
27-09-2023,195.32010
26-09-2023,194.22570
25-09-2023,193.79950
22-09-2023,192.72060
21-09-2023,192.18770
20-09-2023,194.04840
18-09-2023,195.87880
15-09-2023,196.97700
14-09-2023,196.92700
13-09-2023,195.57290
12-09-2023,193.56420
11-09-2023,201.50880
08-09-2023,199.81790
07-09-2023,198.46150
06-09-2023,197.13460
05-09-2023,197.65020
04-09-2023,196.91710
01-09-2023,195.75740
31-08-2023,193.20770
30-08-2023,192.15710
29-08-2023,191.03410
28-08-2023,190.14370
25-08-2023,188.32700
24-08-2023,189.70500
23-08-2023,190.40900
22-08-2023,189.25770
21-08-2023,187.97170
18-08-2023,186.72080
17-08-2023,186.68730
16-08-2023,186.48730
14-08-2023,186.29800
11-08-2023,187.37160
10-08-2023,186.85550
09-08-2023,186.65380
08-08-2023,185.61040
07-08-2023,185.92470
04-08-2023,184.93440
03-08-2023,183.73270
02-08-2023,182.70720
01-08-2023,185.89360
31-07-2023,185.51030
28-07-2023,182.48440
27-07-2023,181.58400
26-07-2023,182.14490
25-07-2023,181.27500
24-07-2023,180.12120
21-07-2023,180.37360
20-07-2023,180.90200
19-07-2023,180.06020
18-07-2023,178.35260
17-07-2023,178.46280
14-07-2023,176.53370
13-07-2023,173.81200
12-07-2023,175.73300
11-07-2023,175.30430
10-07-2023,173.98110
07-07-2023,174.00530
06-07-2023,174.74980
05-07-2023,173.42140
04-07-2023,172.87020
03-07-2023,172.96180
30-06-2023,171.13390
28-06-2023,170.74990
27-06-2023,170.73800
26-06-2023,169.89180
23-06-2023,168.98570
22-06-2023,170.23470
21-06-2023,171.33620
20-06-2023,171.15070
19-06-2023,170.53940
16-06-2023,170.27860
15-06-2023,169.59430
14-06-2023,169.48870
13-06-2023,169.25890
12-06-2023,167.95150
09-06-2023,166.89120
08-06-2023,166.26750
07-06-2023,166.90290
06-06-2023,165.72490
05-06-2023,164.84880
02-06-2023,164.26260
01-06-2023,163.14560
31-05-2023,162.39270
30-05-2023,161.77420
29-05-2023,161.31690
26-05-2023,160.75990
25-05-2023,159.90400
24-05-2023,159.71280
23-05-2023,160.39580
22-05-2023,160.23950
19-05-2023,160.15400
18-05-2023,160.23280
17-05-2023,160.24330
16-05-2023,160.15580
15-05-2023,160.81660
12-05-2023,159.44690
11-05-2023,160.16650
10-05-2023,159.36700
09-05-2023,158.40440
08-05-2023,158.93790
05-05-2023,157.79180
04-05-2023,159.49490
03-05-2023,158.11670
02-05-2023,157.92020
28-04-2023,157.00940
27-04-2023,155.26460
26-04-2023,153.65850
25-04-2023,153.33840
24-04-2023,153.20310
21-04-2023,152.02070
20-04-2023,152.36330
19-04-2023,152.02530
18-04-2023,152.03030
17-04-2023,152.57720
13-04-2023,152.22470
12-04-2023,151.29650
11-04-2023,150.72500
10-04-2023,150.06290
06-04-2023,150.19670
05-04-2023,149.26450
03-04-2023,148.13430
31-03-2023,146.60520
29-03-2023,144.35580
28-03-2023,141.94600
27-03-2023,143.05860
24-03-2023,144.32630
23-03-2023,146.31500
22-03-2023,146.42560
21-03-2023,145.83750
20-03-2023,144.48250
17-03-2023,146.44590
16-03-2023,147.11710
15-03-2023,147.28290
14-03-2023,147.88590
13-03-2023,148.51410
10-03-2023,151.92390
09-03-2023,152.84610
08-03-2023,153.35810
06-03-2023,152.43160
03-03-2023,150.72030
02-03-2023,148.52790
01-03-2023,148.82980
28-02-2023,146.97560
27-02-2023,145.91510
24-02-2023,147.47310
23-02-2023,148.66580
22-02-2023,149.28770
21-02-2023,150.57870
20-02-2023,150.34500
17-02-2023,150.97860
16-02-2023,151.35460
15-02-2023,151.09340
14-02-2023,150.26310
13-02-2023,150.44860
10-02-2023,151.22030
09-02-2023,150.55490
08-02-2023,150.68830
07-02-2023,149.73290
06-02-2023,150.09770
03-02-2023,149.70610
02-02-2023,150.21660
01-02-2023,148.95650
31-01-2023,151.44800
30-01-2023,147.80590
27-01-2023,148.49370
25-01-2023,152.56080
24-01-2023,154.09900
23-01-2023,155.24280
20-01-2023,155.59290
19-01-2023,155.46790
18-01-2023,156.09730
17-01-2023,155.64950
16-01-2023,156.06120
13-01-2023,155.23110
12-01-2023,154.09140
11-01-2023,154.57080
10-01-2023,153.57580
09-01-2023,155.00990
06-01-2023,153.91280
05-01-2023,154.93800
04-01-2023,154.72390
03-01-2023,156.74570
02-01-2023,156.07950
30-12-2022,153.46090
29-12-2022,152.00760
28-12-2022,150.94390
27-12-2022,150.03870
26-12-2022,147.29150
23-12-2022,141.17310
22-12-2022,148.31930
21-12-2022,150.50080
20-12-2022,155.23610
19-12-2022,155.54520
16-12-2022,154.27600
15-12-2022,156.27900
14-12-2022,157.78380
13-12-2022,156.62120
12-12-2022,154.97700
09-12-2022,152.43110
08-12-2022,154.55310
07-12-2022,153.98780
06-12-2022,154.01090
05-12-2022,153.18370
02-12-2022,152.11930
01-12-2022,151.46460
30-11-2022,150.68290
29-11-2022,150.05710
28-11-2022,150.09870
25-11-2022,148.94040
24-11-2022,147.14960
23-11-2022,146.38410
22-11-2022,145.11020
21-11-2022,144.67820
18-11-2022,144.87250
17-11-2022,145.21930
16-11-2022,146.16970
15-11-2022,146.92030
14-11-2022,146.19750
11-11-2022,145.99150
10-11-2022,145.25090
09-11-2022,147.33310
07-11-2022,146.94530
04-11-2022,145.90320
03-11-2022,144.31320
02-11-2022,144.44830
01-11-2022,144.23330
31-10-2022,144.12610
28-10-2022,143.10100
27-10-2022,144.15110
25-10-2022,142.84770
21-10-2022,142.19110
20-10-2022,143.33820
19-10-2022,142.15100
18-10-2022,141.95900
17-10-2022,140.92350
14-10-2022,139.73040
13-10-2022,139.71540
12-10-2022,140.74530
11-10-2022,139.96530
10-10-2022,142.89660
07-10-2022,143.49320
06-10-2022,143.31000
04-10-2022,140.45920
03-10-2022,138.02230
30-09-2022,140.32730
29-09-2022,137.94620
28-09-2022,136.32700
27-09-2022,137.55690
26-09-2022,136.91190
23-09-2022,143.14150
22-09-2022,145.33900
21-09-2022,144.75100
20-09-2022,145.67130
19-09-2022,143.81770
16-09-2022,142.97250
15-09-2022,146.33330
14-09-2022,145.68140
13-09-2022,144.47650
12-09-2022,143.97630
09-09-2022,143.49480
08-09-2022,143.74720
07-09-2022,143.13210
06-09-2022,141.99390
05-09-2022,141.48960
02-09-2022,139.50160
01-09-2022,138.64600
30-08-2022,138.46870
29-08-2022,136.53010
26-08-2022,137.01450
25-08-2022,136.12120
24-08-2022,136.49750
23-08-2022,135.00620
22-08-2022,133.57650
19-08-2022,135.27890
18-08-2022,136.34280
17-08-2022,135.94220
16-08-2022,135.38760
12-08-2022,134.54100
11-08-2022,134.34230
10-08-2022,133.62590
08-08-2022,134.54700
05-08-2022,132.78940
04-08-2022,132.38050
03-08-2022,133.11230
02-08-2022,133.84290
01-08-2022,132.35570
29-07-2022,130.84500
28-07-2022,128.95680
27-07-2022,128.68060
26-07-2022,128.24460
25-07-2022,128.88140
22-07-2022,129.46180
21-07-2022,128.65780
20-07-2022,127.64450
19-07-2022,127.21680
18-07-2022,126.60220
15-07-2022,124.77750
14-07-2022,124.33930
13-07-2022,125.06210
12-07-2022,125.30260
11-07-2022,125.51900
08-07-2022,124.33480
07-07-2022,123.43470
06-07-2022,121.71740
05-07-2022,121.03000
04-07-2022,121.22050
01-07-2022,120.25920
30-06-2022,120.37280
29-06-2022,121.40180
28-06-2022,121.04600
27-06-2022,119.94610
24-06-2022,118.26900
23-06-2022,115.87290
22-06-2022,114.79260
21-06-2022,117.36380
20-06-2022,112.34670
17-06-2022,116.77580
16-06-2022,117.91970
15-06-2022,122.21470
14-06-2022,122.33920
13-06-2022,122.09210
10-06-2022,126.76360
09-06-2022,127.95130
08-06-2022,127.44130
07-06-2022,127.46980
06-06-2022,127.65850
03-06-2022,127.92170
02-06-2022,129.22950
01-06-2022,127.91500
31-05-2022,127.42670
30-05-2022,127.05460
27-05-2022,125.11240
26-05-2022,123.97730
25-05-2022,122.51970
24-05-2022,125.70270
23-05-2022,127.60830
20-05-2022,129.68760
19-05-2022,126.00230
18-05-2022,128.10560
17-05-2022,127.61370
16-05-2022,122.51530
13-05-2022,121.36690
12-05-2022,120.46830
11-05-2022,122.71920
10-05-2022,126.08970
09-05-2022,129.53830
06-05-2022,132.15620
05-05-2022,134.54000
04-05-2022,133.93440
02-05-2022,138.23590
29-04-2022,139.33810
28-04-2022,141.83700
27-04-2022,143.74010
26-04-2022,144.21440
25-04-2022,141.93780
22-04-2022,145.60710
21-04-2022,146.57400
20-04-2022,144.78420
19-04-2022,145.21180
18-04-2022,147.73090
13-04-2022,148.52730
12-04-2022,147.69890
11-04-2022,149.76800
08-04-2022,147.74300
07-04-2022,145.65970
06-04-2022,146.64430
05-04-2022,145.50460
04-04-2022,144.57250
01-04-2022,141.33740
31-03-2022,137.27990
30-03-2022,136.60550
29-03-2022,135.57760
28-03-2022,134.92490
25-03-2022,136.05980
24-03-2022,136.96160
23-03-2022,136.20890
22-03-2022,136.24620
21-03-2022,135.82850
17-03-2022,135.79530
16-03-2022,134.20320
15-03-2022,132.40370
14-03-2022,133.56990
11-03-2022,133.83460
10-03-2022,132.75190
09-03-2022,131.59920
08-03-2022,128.37780
07-03-2022,126.29760
04-03-2022,129.11840
03-03-2022,130.96340
02-03-2022,129.63820
28-02-2022,129.04410
25-02-2022,128.29440
24-02-2022,123.02970
23-02-2022,131.35160
22-02-2022,129.36070
21-02-2022,132.13810
18-02-2022,136.00830
17-02-2022,137.46520
16-02-2022,138.90070
15-02-2022,139.03460
14-02-2022,136.09390
11-02-2022,143.50030
10-02-2022,146.40690
09-02-2022,145.46690
08-02-2022,143.50920
07-02-2022,145.58140
04-02-2022,146.20040
03-02-2022,146.69030
02-02-2022,145.91630
01-02-2022,143.68170
31-01-2022,142.00140
28-01-2022,141.44370
27-01-2022,140.63120
25-01-2022,139.99630
24-01-2022,137.29880
21-01-2022,144.75360
20-01-2022,147.41620
19-01-2022,147.52630
18-01-2022,147.28890
17-01-2022,150.13960
14-01-2022,149.05870
13-01-2022,147.49490
12-01-2022,147.01410
11-01-2022,146.41650
10-01-2022,147.96510
07-01-2022,144.90990
06-01-2022,142.62890
05-01-2022,142.15900
04-01-2022,141.05630
03-01-2022,140.56790
31-12-2021,138.00810
30-12-2021,136.74960
29-12-2021,137.14520
28-12-2021,136.41980
27-12-2021,134.41900
24-12-2021,133.97000
23-12-2021,134.92310
22-12-2021,133.63580
21-12-2021,131.24020
20-12-2021,128.96460
17-12-2021,133.85470
16-12-2021,137.92140
15-12-2021,139.28650
14-12-2021,140.11850
13-12-2021,141.38160
10-12-2021,141.55200
09-12-2021,138.10340
08-12-2021,136.70700
07-12-2021,135.25020
06-12-2021,133.03530
03-12-2021,134.95050
02-12-2021,134.72240
01-12-2021,133.39200
30-11-2021,131.80080
29-11-2021,131.31060
26-11-2021,134.14310
25-11-2021,139.01800
24-11-2021,137.46980
23-11-2021,137.64820
22-11-2021,134.27740
18-11-2021,138.38970
17-11-2021,141.06160
16-11-2021,140.71890
15-11-2021,140.90400
12-11-2021,142.58340
11-11-2021,142.56760
10-11-2021,143.63710
09-11-2021,144.65270
08-11-2021,143.07810
03-11-2021,139.45440
02-11-2021,140.13690
01-11-2021,138.32900
29-10-2021,134.92710
28-10-2021,135.10700
27-10-2021,138.65770
26-10-2021,138.67510
25-10-2021,134.64650
22-10-2021,137.53080
21-10-2021,138.96870
20-10-2021,138.40350
19-10-2021,141.13090
18-10-2021,145.15500
14-10-2021,141.93740
13-10-2021,140.37090
12-10-2021,138.37600
11-10-2021,137.37830
08-10-2021,135.84030
07-10-2021,135.96900
06-10-2021,134.36850
05-10-2021,137.32300
04-10-2021,136.49680
01-10-2021,133.38390
30-09-2021,133.23760
29-09-2021,132.46830
28-09-2021,131.46360
27-09-2021,132.53870
24-09-2021,132.26330
23-09-2021,133.09510
22-09-2021,131.37470
21-09-2021,128.69090
20-09-2021,127.05640
17-09-2021,130.08240
16-09-2021,132.40480
15-09-2021,131.79280
14-09-2021,131.40130
13-09-2021,130.84120
09-09-2021,129.79400
08-09-2021,129.34400
07-09-2021,128.46470
06-09-2021,129.10380
03-09-2021,126.62240
02-09-2021,125.62700
01-09-2021,124.80700
31-08-2021,124.76720
30-08-2021,124.88160
27-08-2021,123.30520
26-08-2021,122.51030
25-08-2021,123.33960
24-08-2021,121.61270
23-08-2021,117.66890
20-08-2021,120.34740
18-08-2021,123.33990
17-08-2021,124.32180
16-08-2021,125.93310
13-08-2021,126.71030
12-08-2021,127.83370
11-08-2021,124.66180
10-08-2021,123.91330
09-08-2021,128.58280
06-08-2021,130.76330
05-08-2021,130.95920
04-08-2021,132.15460
03-08-2021,133.60960
02-08-2021,133.66190
30-07-2021,131.48440
29-07-2021,130.98510
28-07-2021,129.62140
27-07-2021,129.86180
26-07-2021,129.79290
23-07-2021,127.93880
22-07-2021,128.05980
20-07-2021,126.46850
19-07-2021,128.10160
16-07-2021,126.89420
15-07-2021,126.55540
14-07-2021,126.21990
13-07-2021,126.17150
12-07-2021,126.33340
09-07-2021,123.79660
08-07-2021,122.96240
07-07-2021,123.65650
06-07-2021,123.37900
05-07-2021,124.23460
02-07-2021,121.15850
01-07-2021,119.76420
30-06-2021,119.09360
29-06-2021,118.16950
28-06-2021,118.41080
25-06-2021,117.49990
24-06-2021,116.34430
23-06-2021,116.31660
22-06-2021,116.10330
21-06-2021,114.99660
18-06-2021,113.40260
17-06-2021,114.31390
16-06-2021,115.14890
15-06-2021,114.91580
14-06-2021,113.69800
11-06-2021,113.49270
10-06-2021,112.36760
09-06-2021,110.92370
08-06-2021,111.94240
07-06-2021,112.04030
04-06-2021,110.78080
03-06-2021,110.49410
02-06-2021,109.67760
01-06-2021,108.84760
31-05-2021,109.62330
28-05-2021,108.65590
27-05-2021,108.80300
26-05-2021,109.14640
25-05-2021,108.40440
24-05-2021,108.57470
21-05-2021,108.13250
20-05-2021,107.33030
19-05-2021,107.27630
18-05-2021,107.90180
17-05-2021,107.15870
14-05-2021,106.47360
12-05-2021,107.42080
11-05-2021,108.69370
10-05-2021,107.69240
07-05-2021,105.33850
06-05-2021,103.24450
05-05-2021,101.30360
04-05-2021,99.38230
03-05-2021,100.07370
30-04-2021,98.31840
29-04-2021,98.59330
28-04-2021,98.55330
27-04-2021,97.32170
26-04-2021,94.40700
23-04-2021,93.51710
22-04-2021,93.52140
20-04-2021,92.44620
19-04-2021,91.28770
16-04-2021,92.29670
15-04-2021,90.61010
13-04-2021,90.74700
12-04-2021,89.92200
09-04-2021,93.15840
08-04-2021,92.24150
07-04-2021,91.20320
06-04-2021,89.41280
05-04-2021,88.38700
01-04-2021,87.75140
31-03-2021,85.37710
30-03-2021,85.01140
26-03-2021,83.85030
25-03-2021,82.93980
24-03-2021,84.72670
23-03-2021,86.19060
22-03-2021,85.52470
19-03-2021,84.62830
18-03-2021,82.90270
17-03-2021,83.78410
16-03-2021,84.73460
15-03-2021,84.33120
12-03-2021,84.47590
10-03-2021,84.10710
09-03-2021,83.41910
08-03-2021,83.90820
05-03-2021,83.59280
04-03-2021,84.99090
03-03-2021,85.11170
02-03-2021,84.56600
01-03-2021,83.59990
26-02-2021,81.83270
25-02-2021,82.48970
24-02-2021,81.29710
23-02-2021,80.82810
22-02-2021,80.07360
19-02-2021,81.10500
18-02-2021,82.25240
17-02-2021,81.26990
16-02-2021,80.63310
15-02-2021,80.09870
12-02-2021,79.88760
11-02-2021,80.01640
10-02-2021,78.65240
09-02-2021,78.15280
08-02-2021,77.19120
05-02-2021,76.34820
04-02-2021,77.14420
03-02-2021,77.02510
02-02-2021,75.43220
01-02-2021,74.56560
29-01-2021,73.41470
28-01-2021,73.01500
27-01-2021,72.59010
25-01-2021,74.31060
22-01-2021,74.90820
21-01-2021,75.78820
20-01-2021,76.84920
19-01-2021,76.09020
18-01-2021,75.47870
15-01-2021,77.31070
14-01-2021,76.92630
13-01-2021,76.36340
12-01-2021,76.34670
11-01-2021,76.13370
08-01-2021,75.86210
07-01-2021,74.77870
06-01-2021,74.88690
05-01-2021,74.43340
04-01-2021,73.72360
01-01-2021,72.67500
31-12-2020,71.98180
30-12-2020,72.06130
29-12-2020,72.09130
28-12-2020,71.82430
24-12-2020,70.38980
23-12-2020,70.02700
22-12-2020,68.27160
21-12-2020,67.14930
18-12-2020,70.66750
17-12-2020,71.00580
16-12-2020,71.27080
15-12-2020,70.93030
14-12-2020,70.88000
11-12-2020,70.73260
10-12-2020,70.79350
09-12-2020,71.05070
08-12-2020,70.98710
07-12-2020,70.94330
04-12-2020,69.34490
03-12-2020,69.09530
02-12-2020,68.33260
01-12-2020,67.69870
27-11-2020,66.60180
26-11-2020,65.94670
25-11-2020,65.62100
24-11-2020,66.19940
23-11-2020,65.66430
20-11-2020,64.98640
19-11-2020,64.86210
18-11-2020,64.79900
17-11-2020,64.79590
13-11-2020,64.17510
12-11-2020,63.40360
11-11-2020,62.70070
10-11-2020,62.06640
09-11-2020,63.30100
06-11-2020,63.15490
05-11-2020,63.25940
04-11-2020,62.33090
03-11-2020,62.34070
02-11-2020,62.39290
30-10-2020,62.29180
29-10-2020,62.10650
28-10-2020,62.06760
27-10-2020,62.20430
26-10-2020,62.37250
23-10-2020,62.67010
22-10-2020,62.02820
21-10-2020,61.96430
20-10-2020,62.03550
19-10-2020,61.82810
16-10-2020,60.91980
15-10-2020,60.62600
14-10-2020,61.91850
13-10-2020,61.99210
12-10-2020,62.02780
09-10-2020,62.04580
08-10-2020,62.36760
07-10-2020,61.90280
06-10-2020,62.17380
05-10-2020,61.77800
01-10-2020,61.28960
30-09-2020,60.86430
29-09-2020,60.78260
28-09-2020,60.90890
25-09-2020,59.28500
24-09-2020,57.85580
23-09-2020,59.04190
22-09-2020,58.68050
21-09-2020,59.46220
18-09-2020,62.13210
17-09-2020,61.81090
16-09-2020,61.42130
15-09-2020,60.55860
14-09-2020,59.95870
11-09-2020,58.65930
10-09-2020,57.37660
09-09-2020,56.16000
08-09-2020,56.91160
07-09-2020,57.29150
04-09-2020,57.21230
03-09-2020,58.07230
02-09-2020,58.37110
01-09-2020,56.71820
31-08-2020,56.12320
28-08-2020,58.31930
27-08-2020,59.13740
26-08-2020,59.57860
25-08-2020,59.41670
24-08-2020,59.40960
21-08-2020,58.09290
20-08-2020,56.86350
19-08-2020,56.66120
18-08-2020,56.35470
17-08-2020,56.01220
14-08-2020,55.32340
13-08-2020,55.79440
12-08-2020,55.84130
11-08-2020,56.06200
10-08-2020,56.10040
07-08-2020,54.09460
06-08-2020,53.68470
05-08-2020,53.65080
04-08-2020,52.70860
03-08-2020,53.17390
31-07-2020,51.48870
30-07-2020,49.65280
29-07-2020,49.44830
28-07-2020,49.10200
27-07-2020,48.14880
24-07-2020,47.51330
23-07-2020,47.30760
22-07-2020,46.31810
21-07-2020,46.11340
20-07-2020,45.99960
17-07-2020,45.47600
16-07-2020,44.97080
15-07-2020,44.65450
14-07-2020,44.48700
13-07-2020,44.55580
10-07-2020,43.52850
09-07-2020,43.24170
08-07-2020,42.86160
07-07-2020,43.06500
06-07-2020,43.17960
03-07-2020,42.94890
02-07-2020,42.98470
01-07-2020,42.71620
30-06-2020,41.71190
29-06-2020,41.73020
26-06-2020,42.14560
25-06-2020,42.18450
24-06-2020,41.64550
23-06-2020,42.48490
22-06-2020,42.10050
19-06-2020,40.89730
18-06-2020,40.33910
17-06-2020,39.95350
16-06-2020,39.60240
15-06-2020,39.69710
12-06-2020,38.58050
11-06-2020,38.52570
10-06-2020,39.33600
09-06-2020,38.22570
08-06-2020,37.82660
05-06-2020,37.89990
04-06-2020,37.11730
03-06-2020,36.98460
02-06-2020,37.03300
01-06-2020,36.14500
29-05-2020,35.57690
28-05-2020,35.58540
27-05-2020,35.56520
26-05-2020,35.03210
22-05-2020,34.82890
21-05-2020,34.66130
20-05-2020,33.80290
19-05-2020,33.47180
18-05-2020,33.42390
15-05-2020,34.50690
14-05-2020,34.67550
13-05-2020,34.46900
12-05-2020,34.20580
11-05-2020,34.44050
08-05-2020,34.62930
07-05-2020,34.78570
06-05-2020,34.84740
05-05-2020,34.83100
04-05-2020,35.14360
30-04-2020,35.75550
29-04-2020,36.09340
28-04-2020,34.83580
27-04-2020,34.59640
24-04-2020,34.03710
23-04-2020,34.39320
22-04-2020,34.06150
21-04-2020,33.92520
20-04-2020,34.70260
17-04-2020,34.55980
16-04-2020,34.44600
15-04-2020,34.09710
13-04-2020,34.05430
09-04-2020,33.72430
08-04-2020,32.32270
07-04-2020,32.22210
03-04-2020,30.76020
01-04-2020,30.95080
31-03-2020,30.79340
30-03-2020,29.98370
27-03-2020,30.12600
26-03-2020,30.08080
25-03-2020,29.58870
24-03-2020,28.65990
23-03-2020,28.96250
20-03-2020,31.69450
19-03-2020,31.00150
18-03-2020,31.65230
17-03-2020,33.23320
16-03-2020,33.86660
13-03-2020,36.22520
12-03-2020,36.04110
11-03-2020,39.26010
09-03-2020,39.49930
06-03-2020,41.21840
05-03-2020,41.77860
04-03-2020,41.41960
03-03-2020,41.96190
02-03-2020,41.59590
28-02-2020,42.01180
27-02-2020,43.75650
26-02-2020,43.87560
25-02-2020,44.55750
24-02-2020,44.73230
20-02-2020,45.47290
19-02-2020,45.31740
18-02-2020,44.67110
17-02-2020,45.13000
14-02-2020,45.80020
13-02-2020,46.11950
12-02-2020,46.48710
11-02-2020,46.65370
10-02-2020,46.39350
07-02-2020,46.21350
06-02-2020,45.34670
05-02-2020,45.38250
04-02-2020,44.61870
03-02-2020,43.88960
31-01-2020,45.18260
30-01-2020,45.40160
29-01-2020,45.62140
28-01-2020,45.18920
27-01-2020,45.00840
24-01-2020,43.62200
23-01-2020,43.29950
22-01-2020,43.23700
21-01-2020,43.36840
20-01-2020,43.74980
17-01-2020,44.23120
16-01-2020,43.86680
15-01-2020,43.77680
14-01-2020,43.62910
13-01-2020,43.12620
10-01-2020,42.32460
09-01-2020,41.79300
08-01-2020,41.01290
07-01-2020,40.96990
06-01-2020,40.48930
03-01-2020,41.44600
02-01-2020,41.48730
01-01-2020,41.14390
31-12-2019,40.86820
30-12-2019,40.36540
27-12-2019,40.28130
26-12-2019,39.96700
24-12-2019,39.78030
23-12-2019,39.85480
20-12-2019,39.95540
19-12-2019,39.99950
18-12-2019,40.06410
17-12-2019,40.01280
16-12-2019,40.03840
13-12-2019,40.25660
12-12-2019,40.13310
11-12-2019,39.92780
10-12-2019,39.88330
09-12-2019,40.39090
06-12-2019,40.55560
05-12-2019,41.07830
04-12-2019,41.05970
03-12-2019,41.01150
02-12-2019,41.05570
29-11-2019,41.37470
28-11-2019,41.38400
27-11-2019,41.19750
26-11-2019,41.32260
25-11-2019,41.10760
22-11-2019,41.30280
21-11-2019,41.55290
20-11-2019,41.19000
19-11-2019,41.34080
18-11-2019,41.14410
15-11-2019,41.14880
14-11-2019,41.07880
13-11-2019,41.43490
11-11-2019,40.89190
08-11-2019,40.91400
07-11-2019,41.21900
06-11-2019,41.09190
05-11-2019,41.23710
04-11-2019,41.78710
01-11-2019,41.16820
31-10-2019,41.27130
30-10-2019,41.32430
29-10-2019,40.94420
25-10-2019,40.42410
24-10-2019,40.50810
23-10-2019,40.78090
22-10-2019,40.45910
18-10-2019,39.92320
17-10-2019,39.10180
16-10-2019,38.71290
15-10-2019,38.73210
14-10-2019,38.73530
11-10-2019,38.69680
10-10-2019,38.65490
09-10-2019,38.67570
07-10-2019,38.56080
04-10-2019,38.81180
03-10-2019,39.33370
01-10-2019,39.47340
30-09-2019,39.83480
27-09-2019,40.78460
26-09-2019,40.77060
25-09-2019,40.53430
24-09-2019,41.33350
23-09-2019,41.44700
20-09-2019,40.14700
19-09-2019,38.75860
18-09-2019,39.35260
17-09-2019,38.99310
16-09-2019,40.13850
13-09-2019,39.89530
12-09-2019,39.75620
11-09-2019,39.73420
09-09-2019,39.11370
06-09-2019,38.55520
05-09-2019,37.96800
04-09-2019,37.89280
03-09-2019,37.99800
30-08-2019,38.28840
29-08-2019,37.96290
28-08-2019,37.91930
27-08-2019,38.51790
26-08-2019,37.47130
23-08-2019,36.59790
22-08-2019,36.46400
21-08-2019,37.44390
20-08-2019,38.28560
19-08-2019,38.98730
16-08-2019,38.90120
14-08-2019,38.85080
13-08-2019,38.27000
09-08-2019,39.68080
08-08-2019,39.23270
07-08-2019,38.58340
06-08-2019,39.37540
05-08-2019,39.04190
02-08-2019,39.91410
01-08-2019,40.11050
31-07-2019,40.61930
30-07-2019,40.29640
29-07-2019,41.99660
26-07-2019,42.95720
25-07-2019,42.89270
24-07-2019,42.77210
23-07-2019,43.35280
22-07-2019,43.27680
19-07-2019,43.70780
18-07-2019,44.41230
17-07-2019,45.10610
16-07-2019,44.91170
15-07-2019,45.04730
12-07-2019,45.10820
11-07-2019,44.78590
10-07-2019,44.53460
09-07-2019,44.87160
08-07-2019,44.46760
05-07-2019,45.88980
04-07-2019,46.61940
03-07-2019,46.34750
02-07-2019,46.22680
01-07-2019,46.33230
28-06-2019,46.07810
27-06-2019,45.90630
26-06-2019,45.79960
25-06-2019,45.59450
24-06-2019,45.41660
21-06-2019,45.61090
20-06-2019,45.57920
19-06-2019,45.23140
18-06-2019,45.55130
17-06-2019,45.70140
14-06-2019,46.15210
13-06-2019,46.47830
12-06-2019,46.67820
11-06-2019,46.64980
10-06-2019,46.54250
07-06-2019,46.68670
06-06-2019,46.74520
04-06-2019,47.44770
03-06-2019,47.48610
31-05-2019,47.67630
30-05-2019,48.09120
29-05-2019,48.14060
28-05-2019,48.35100
27-05-2019,48.70950
24-05-2019,47.51870
23-05-2019,45.85590
22-05-2019,45.92040
21-05-2019,45.39140
20-05-2019,45.72920
17-05-2019,44.64540
16-05-2019,45.35080
15-05-2019,45.27580
14-05-2019,45.64930
13-05-2019,45.28080
10-05-2019,46.45840
09-05-2019,46.62030
08-05-2019,46.78100
07-05-2019,47.30660
06-05-2019,48.08760
03-05-2019,48.68680
02-05-2019,48.71630
30-04-2019,49.22050
26-04-2019,50.34640
25-04-2019,50.21450
24-04-2019,50.64050
23-04-2019,50.50840
22-04-2019,50.29900
18-04-2019,51.49940
16-04-2019,52.48560
15-04-2019,52.69080
12-04-2019,52.79280
11-04-2019,52.43870
10-04-2019,52.28990
09-04-2019,52.43860
08-04-2019,52.67840
05-04-2019,51.95550
04-04-2019,51.57600
03-04-2019,51.89190
02-04-2019,52.36530
01-04-2019,52.75570
29-03-2019,52.20590
28-03-2019,51.97580
27-03-2019,51.56620
26-03-2019,51.24690
25-03-2019,50.61470
22-03-2019,51.31010
20-03-2019,51.54320
19-03-2019,51.79110
18-03-2019,51.65130
15-03-2019,51.94190
14-03-2019,52.05450
13-03-2019,51.81350
12-03-2019,52.00140
11-03-2019,51.90890
08-03-2019,51.04670
07-03-2019,51.32770
06-03-2019,51.40300
05-03-2019,51.29890
01-03-2019,49.86720
28-02-2019,48.78130
27-02-2019,48.33740
26-02-2019,48.34210
25-02-2019,48.87170
22-02-2019,48.19870
21-02-2019,47.60110
20-02-2019,47.15170
19-02-2019,46.83950
18-02-2019,46.71310
15-02-2019,47.33820
14-02-2019,47.64760
13-02-2019,47.99410
12-02-2019,48.39130
11-02-2019,48.88810
08-02-2019,49.57250
07-02-2019,50.23200
06-02-2019,49.78180
05-02-2019,49.57900
04-02-2019,49.61610
01-02-2019,50.10580
31-01-2019,50.56790
30-01-2019,50.08630
29-01-2019,49.65840
28-01-2019,49.61400
25-01-2019,50.93390
24-01-2019,51.54410
23-01-2019,51.86210
22-01-2019,52.22360
21-01-2019,52.56860
18-01-2019,52.80450
17-01-2019,53.11910
16-01-2019,53.40590
15-01-2019,53.42200
14-01-2019,53.05990
11-01-2019,53.15150
10-01-2019,53.33420
09-01-2019,53.41940
08-01-2019,53.43850
07-01-2019,52.78360
04-01-2019,53.04080
03-01-2019,52.69230
02-01-2019,52.98690
01-01-2019,53.37570
31-12-2018,53.24000
28-12-2018,53.09300
27-12-2018,52.55420
26-12-2018,52.58360
24-12-2018,52.69040
21-12-2018,53.13620
20-12-2018,53.53260
19-12-2018,53.77750
18-12-2018,53.05190
17-12-2018,52.81490
14-12-2018,52.65100
13-12-2018,52.67960
12-12-2018,52.49480
11-12-2018,50.95630
10-12-2018,49.31360
07-12-2018,50.44460
06-12-2018,50.78720
05-12-2018,51.74320
04-12-2018,52.53270
03-12-2018,52.32480
30-11-2018,52.15430
29-11-2018,51.81030
28-11-2018,51.71720
27-11-2018,52.20150
26-11-2018,52.05550
22-11-2018,52.42040
21-11-2018,52.94550
20-11-2018,52.74130
19-11-2018,53.40060
16-11-2018,53.18630
15-11-2018,53.43120
14-11-2018,53.51030
13-11-2018,53.65200
12-11-2018,53.45850
09-11-2018,53.65610
06-11-2018,52.13130
05-11-2018,52.28130
02-11-2018,52.23830
01-11-2018,52.27890
31-10-2018,52.02220
30-10-2018,51.62900
29-10-2018,51.34350
26-10-2018,50.49310
25-10-2018,50.62310
24-10-2018,50.99030
23-10-2018,50.92700
22-10-2018,51.06110
19-10-2018,51.02200
17-10-2018,51.16080
16-10-2018,51.43250
15-10-2018,51.16380
12-10-2018,51.11250
11-10-2018,50.85720
10-10-2018,51.05210
09-10-2018,50.64940
08-10-2018,50.81480
05-10-2018,50.61370
04-10-2018,50.74600
03-10-2018,50.94410
01-10-2018,51.11620
28-09-2018,50.91590
27-09-2018,50.96440
26-09-2018,51.15640
25-09-2018,51.23900
24-09-2018,51.05270
21-09-2018,51.35230
19-09-2018,51.53520
18-09-2018,51.54920
17-09-2018,51.83090
14-09-2018,51.92420
12-09-2018,51.64210
11-09-2018,51.58170
10-09-2018,51.70190
07-09-2018,52.07380
06-09-2018,51.95620
05-09-2018,51.94440
04-09-2018,51.95380
03-09-2018,52.27110
31-08-2018,52.47730
30-08-2018,52.46270
29-08-2018,52.58350
28-08-2018,52.54590
27-08-2018,52.39670
24-08-2018,52.43110
23-08-2018,52.37220
21-08-2018,52.38180
20-08-2018,52.36370
16-08-2018,52.19920
14-08-2018,52.23460
13-08-2018,52.14690
10-08-2018,52.25620
09-08-2018,52.10320
08-08-2018,52.06540
07-08-2018,52.08460
06-08-2018,52.01430
03-08-2018,52.04530
02-08-2018,52.03460
01-08-2018,52.06870
31-07-2018,51.92780
30-07-2018,51.84020
27-07-2018,51.82320
26-07-2018,51.80490
25-07-2018,51.73960
24-07-2018,51.79890
23-07-2018,51.77370
20-07-2018,51.76010
19-07-2018,51.71900
18-07-2018,51.76190
17-07-2018,51.85690
16-07-2018,51.64010
13-07-2018,51.76030
12-07-2018,51.80080
11-07-2018,51.71890
10-07-2018,51.67750
09-07-2018,51.67300
06-07-2018,51.65780
05-07-2018,51.54460
04-07-2018,51.55310
03-07-2018,51.50590
02-07-2018,51.41880
29-06-2018,51.37330
28-06-2018,51.30740
27-06-2018,51.39280
26-06-2018,51.46510
25-06-2018,51.38920
22-06-2018,51.44620
21-06-2018,51.48130
20-06-2018,51.39250
19-06-2018,51.30740
18-06-2018,51.33560
15-06-2018,51.32560
14-06-2018,51.20460
13-06-2018,51.18380
12-06-2018,51.14140
11-06-2018,51.12670
08-06-2018,51.10370
07-06-2018,51.03510
06-06-2018,51.00100
05-06-2018,51.04230
04-06-2018,51.07230
01-06-2018,51.13130
31-05-2018,51.31380
30-05-2018,51.44830
29-05-2018,51.43010
28-05-2018,51.48160
25-05-2018,51.22120
24-05-2018,51.05490
23-05-2018,51.00620
22-05-2018,51.14530
21-05-2018,51.08530
18-05-2018,51.10010
17-05-2018,51.08520
16-05-2018,51.02710
15-05-2018,50.99170
14-05-2018,51.10020
11-05-2018,51.24060
10-05-2018,51.14490
09-05-2018,51.24000
08-05-2018,51.39060
07-05-2018,51.32910
04-05-2018,51.18080
03-05-2018,51.27330
02-05-2018,51.31730
27-04-2018,51.25470
26-04-2018,51.36540
25-04-2018,51.40920
24-04-2018,51.44800
23-04-2018,51.35510
20-04-2018,51.33030
19-04-2018,51.46790
18-04-2018,51.59440
17-04-2018,51.70210
16-04-2018,51.69990
13-04-2018,51.73640
12-04-2018,51.60540
11-04-2018,51.56590
10-04-2018,51.72540
09-04-2018,51.87750
06-04-2018,51.91340
05-04-2018,51.92700
04-04-2018,51.67870
03-04-2018,51.66890
31-03-2018,51.47360
28-03-2018,51.45890
27-03-2018,51.27860
26-03-2018,50.85280
23-03-2018,50.88010
22-03-2018,50.91110
21-03-2018,50.88320
20-03-2018,50.89410
19-03-2018,50.91730
16-03-2018,51.02870
15-03-2018,50.96620
14-03-2018,50.84990
13-03-2018,50.88240
12-03-2018,50.87140
09-03-2018,50.82460
08-03-2018,50.76550
07-03-2018,50.73930
06-03-2018,50.69230
05-03-2018,50.68880
01-03-2018,50.76510
28-02-2018,50.76880
27-02-2018,50.77960
26-02-2018,50.85310
23-02-2018,50.80760
22-02-2018,50.61010
21-02-2018,50.70920
20-02-2018,50.78050
16-02-2018,50.94060
15-02-2018,50.97680
14-02-2018,51.09010
12-02-2018,50.95220
09-02-2018,50.83980
08-02-2018,51.00250
07-02-2018,50.87240
06-02-2018,50.70920
05-02-2018,50.81150
02-02-2018,50.82360
01-02-2018,51.04160
31-01-2018,51.22570
30-01-2018,51.24730
29-01-2018,51.17680
25-01-2018,51.37910
24-01-2018,51.44420
23-01-2018,51.50200
22-01-2018,51.53600
19-01-2018,51.44260
18-01-2018,51.51750
17-01-2018,51.71820
16-01-2018,51.52560
15-01-2018,51.74630
12-01-2018,51.69220
11-01-2018,51.66690
10-01-2018,51.58400
09-01-2018,51.74770
08-01-2018,51.69820
05-01-2018,51.70720
04-01-2018,51.63730
03-01-2018,51.58890
02-01-2018,51.50820
01-01-2018,51.65970
29-12-2017,51.63930
28-12-2017,51.47910
27-12-2017,51.64830
26-12-2017,51.58450
22-12-2017,51.58840
21-12-2017,51.63450
20-12-2017,51.53570
19-12-2017,51.62600
18-12-2017,51.54930
15-12-2017,51.56580
14-12-2017,51.55160
13-12-2017,51.44370
12-12-2017,51.44280
11-12-2017,51.55300
08-12-2017,51.64260
07-12-2017,51.63090
06-12-2017,51.51460
05-12-2017,51.53670
04-12-2017,51.59810
01-12-2017,51.63390
30-11-2017,51.62830
29-11-2017,51.69020
28-11-2017,51.69580
27-11-2017,51.72660
24-11-2017,51.56310
23-11-2017,51.56300
22-11-2017,51.61200
21-11-2017,51.70200
20-11-2017,51.65630
17-11-2017,51.39540
16-11-2017,51.32930
15-11-2017,51.29980
14-11-2017,51.34680
13-11-2017,51.42100
10-11-2017,51.42720
09-11-2017,51.48570
08-11-2017,51.44750
07-11-2017,51.50960
06-11-2017,51.55540
03-11-2017,51.65470
02-11-2017,51.59470
01-11-2017,51.58270
31-10-2017,51.60490
30-10-2017,51.61900
27-10-2017,51.68250
26-10-2017,51.76230
25-10-2017,51.70430
24-10-2017,51.67280
23-10-2017,51.50960
18-10-2017,51.57680
17-10-2017,51.49050
16-10-2017,51.50150
13-10-2017,51.48650
12-10-2017,51.48100
11-10-2017,51.42970
10-10-2017,51.44740
09-10-2017,51.38430
06-10-2017,51.41970
05-10-2017,51.29580
04-10-2017,51.24440
03-10-2017,51.28540
29-09-2017,51.20280
28-09-2017,51.18220
27-09-2017,51.10280
26-09-2017,51.16440
25-09-2017,51.19490
22-09-2017,51.14360
21-09-2017,51.18970
20-09-2017,51.30550
19-09-2017,51.33850
18-09-2017,51.28140
15-09-2017,51.27600
14-09-2017,51.34010
13-09-2017,51.34740
12-09-2017,51.45020
11-09-2017,51.01220
08-09-2017,50.92680
07-09-2017,51.01470
06-09-2017,50.97490
05-09-2017,50.99440
04-09-2017,50.95870
01-09-2017,50.95790
31-08-2017,50.91070
30-08-2017,50.86290
29-08-2017,50.87290
28-08-2017,50.98010
24-08-2017,50.85430
23-08-2017,50.89460
22-08-2017,50.80690
21-08-2017,50.95130
18-08-2017,50.97720
17-08-2017,51.03800
16-08-2017,50.83250
14-08-2017,50.86450
11-08-2017,50.77760
10-08-2017,50.89190
09-08-2017,50.95680
08-08-2017,50.89500
07-08-2017,51.03620
04-08-2017,51.10480
03-08-2017,50.97070
02-08-2017,50.89910
01-08-2017,50.71760
31-07-2017,50.64370
28-07-2017,50.65410
27-07-2017,50.68850
26-07-2017,50.73250
25-07-2017,50.63580
24-07-2017,50.69530
21-07-2017,50.65220
20-07-2017,50.63230
19-07-2017,50.70700
18-07-2017,50.65060
17-07-2017,50.99890
14-07-2017,50.99660
13-07-2017,50.90820
12-07-2017,50.86080
11-07-2017,50.82090
10-07-2017,50.74760
07-07-2017,50.62450
06-07-2017,50.58790
05-07-2017,50.56690
04-07-2017,50.56100
03-07-2017,50.53830
30-06-2017,50.49170
29-06-2017,50.39330
28-06-2017,50.40050
27-06-2017,50.41920
23-06-2017,50.39090
22-06-2017,50.41470
21-06-2017,50.43990
20-06-2017,50.39280
19-06-2017,50.39520
16-06-2017,50.34770
15-06-2017,50.28140
14-06-2017,50.28690
13-06-2017,50.30650
12-06-2017,50.22230
09-06-2017,50.22740
08-06-2017,50.18830
07-06-2017,50.14530
06-06-2017,50.02730
05-06-2017,50.17340
02-06-2017,50.15980
01-06-2017,50.06730
31-05-2017,49.97020
30-05-2017,49.99410
29-05-2017,49.89550
26-05-2017,49.83120
25-05-2017,49.71640
24-05-2017,49.64450
23-05-2017,49.65490
22-05-2017,49.70290
19-05-2017,49.54180
18-05-2017,49.49000
17-05-2017,49.52540
16-05-2017,49.55350
15-05-2017,49.54340
12-05-2017,49.40530
11-05-2017,49.41740
10-05-2017,49.44390
09-05-2017,49.39000
08-05-2017,49.39900
05-05-2017,49.37710
04-05-2017,49.45380
03-05-2017,49.41280
02-05-2017,49.41200
28-04-2017,49.46440
27-04-2017,49.52570
26-04-2017,49.59930
25-04-2017,49.56320
24-04-2017,49.53200
21-04-2017,49.52250
20-04-2017,49.50340
19-04-2017,49.48300
18-04-2017,49.37010
17-04-2017,49.29360
13-04-2017,49.44940
12-04-2017,49.43350
11-04-2017,49.44190
10-04-2017,49.32250
07-04-2017,49.34320
06-04-2017,49.38870
05-04-2017,49.50270
03-04-2017,49.47830
31-03-2017,49.48140
30-03-2017,49.40760
29-03-2017,49.40960
28-03-2017,49.41370
27-03-2017,49.37720
24-03-2017,49.33560
23-03-2017,49.29860
22-03-2017,49.19260
21-03-2017,49.18990
20-03-2017,49.10590
17-03-2017,49.07550
16-03-2017,49.06560
15-03-2017,49.03010
14-03-2017,48.93170
10-03-2017,48.92490
09-03-2017,48.96650
08-03-2017,48.98110
07-03-2017,48.97660
06-03-2017,48.99410
03-03-2017,49.02130
02-03-2017,48.98960
01-03-2017,48.97490
28-02-2017,49.02970
27-02-2017,49.02190
23-02-2017,48.96240
22-02-2017,48.93960
21-02-2017,48.95030
20-02-2017,48.94560
17-02-2017,48.98080
16-02-2017,48.96780
15-02-2017,48.91910
14-02-2017,48.88340
13-02-2017,48.89110
10-02-2017,48.88530
09-02-2017,48.84960
08-02-2017,49.01340
07-02-2017,49.33060
06-02-2017,49.33990
03-02-2017,49.35510
02-02-2017,49.34720
01-02-2017,49.28320
31-01-2017,49.28950
30-01-2017,49.28540
27-01-2017,49.27980
25-01-2017,49.27320
24-01-2017,49.25870
23-01-2017,49.23120
20-01-2017,49.20150
19-01-2017,49.21630
18-01-2017,49.22810
17-01-2017,49.24320
16-01-2017,49.21790
13-01-2017,49.23180
12-01-2017,49.26490
11-01-2017,49.21700
10-01-2017,49.22140
09-01-2017,49.19300
06-01-2017,49.19960
05-01-2017,49.21320
04-01-2017,49.21190
03-01-2017,49.17130
02-01-2017,49.24680
30-12-2016,49.05810
29-12-2016,48.99040
28-12-2016,48.90220
27-12-2016,48.94830
26-12-2016,48.96990
23-12-2016,48.98850
22-12-2016,49.00740
21-12-2016,49.04010
20-12-2016,49.02360
19-12-2016,49.01910
16-12-2016,49.00560
15-12-2016,49.01410
14-12-2016,49.14420
13-12-2016,49.08810
12-12-2016,49.11420
09-12-2016,49.09020
08-12-2016,49.09270
07-12-2016,49.16920
06-12-2016,49.41030
05-12-2016,49.45890
02-12-2016,49.38750
01-12-2016,49.40160
30-11-2016,49.35990
29-11-2016,49.29460
28-11-2016,49.27360
25-11-2016,49.36110
24-11-2016,49.35210
23-11-2016,49.23750
22-11-2016,49.14220
21-11-2016,49.11700
18-11-2016,48.84600
17-11-2016,48.86930
16-11-2016,48.87000
15-11-2016,48.75700
11-11-2016,48.53340
10-11-2016,48.55360
09-11-2016,48.50860
08-11-2016,48.39010
07-11-2016,48.34970
04-11-2016,48.31440
03-11-2016,48.33580
02-11-2016,48.35630
01-11-2016,48.35190
28-10-2016,48.33090
27-10-2016,48.33200
26-10-2016,48.35770
25-10-2016,48.34920
24-10-2016,48.35770
21-10-2016,48.34510
20-10-2016,48.34280
19-10-2016,48.34190
18-10-2016,48.33730
17-10-2016,48.30820
14-10-2016,48.29610
13-10-2016,48.33220
10-10-2016,48.31490
07-10-2016,48.27330
06-10-2016,48.28810
05-10-2016,48.31790
04-10-2016,48.24380
03-10-2016,48.17450
30-09-2016,48.09480
29-09-2016,48.04260
28-09-2016,48.13440
27-09-2016,48.12450
26-09-2016,48.06020
23-09-2016,47.90700
22-09-2016,47.87660
21-09-2016,47.82200
20-09-2016,47.81080
19-09-2016,47.79560
16-09-2016,47.76560
15-09-2016,47.74900
14-09-2016,47.74090
12-09-2016,47.74110
09-09-2016,47.74690
08-09-2016,47.72800
07-09-2016,47.72590
06-09-2016,47.66450
02-09-2016,47.61480
01-09-2016,47.62980
31-08-2016,47.65430
30-08-2016,47.63870
29-08-2016,47.59690
26-08-2016,47.60060
25-08-2016,47.58340
24-08-2016,47.56280
23-08-2016,47.53220
22-08-2016,47.49830
19-08-2016,47.53810
18-08-2016,47.51600
17-08-2016,47.55410
16-08-2016,47.54790
12-08-2016,47.53850
11-08-2016,47.50470
10-08-2016,47.42640
09-08-2016,47.38330
08-08-2016,47.30510
05-08-2016,47.27390
04-08-2016,47.24440
03-08-2016,47.23020
02-08-2016,47.26900
01-08-2016,47.25800
29-07-2016,47.14210
28-07-2016,47.13500
27-07-2016,46.99620
26-07-2016,46.95630
25-07-2016,46.95400
22-07-2016,46.90920
21-07-2016,46.84140
20-07-2016,46.83810
19-07-2016,46.80670
18-07-2016,46.76520
15-07-2016,46.72800
14-07-2016,46.70190
13-07-2016,46.69920
12-07-2016,46.61110
11-07-2016,46.52200
08-07-2016,46.48460
07-07-2016,46.48480
05-07-2016,46.48770
04-07-2016,46.42130
01-07-2016,46.38770
30-06-2016,46.35540
29-06-2016,46.31720
28-06-2016,46.26510
27-06-2016,46.23770
24-06-2016,46.17160
23-06-2016,46.16540
22-06-2016,46.16260
21-06-2016,46.13740
20-06-2016,46.10760
17-06-2016,46.07200
16-06-2016,46.08320
15-06-2016,46.10500
14-06-2016,46.11140
13-06-2016,46.08790
10-06-2016,46.08790
09-06-2016,46.11320
08-06-2016,46.10590
07-06-2016,46.07140
06-06-2016,46.05880
03-06-2016,46.02570
02-06-2016,46.04400
01-06-2016,46.01220
31-05-2016,46.00820
30-05-2016,46.01460
27-05-2016,45.99590
26-05-2016,45.98310
25-05-2016,45.97940
24-05-2016,45.97640
23-05-2016,45.96250
20-05-2016,45.93600
19-05-2016,45.93100
18-05-2016,45.91110
17-05-2016,45.96100
16-05-2016,45.95440
13-05-2016,45.93330
12-05-2016,45.93180
11-05-2016,45.91210
10-05-2016,45.91000
09-05-2016,45.90390
06-05-2016,45.85930
05-05-2016,45.86170
04-05-2016,45.84390
03-05-2016,45.82140
02-05-2016,45.82540
29-04-2016,45.80320
28-04-2016,45.79510
27-04-2016,45.79480
26-04-2016,45.75620
25-04-2016,45.74140
22-04-2016,45.73090
21-04-2016,45.72640
20-04-2016,45.73250
18-04-2016,45.72310
13-04-2016,45.68230
12-04-2016,45.71070
11-04-2016,45.69660
08-04-2016,45.63060
07-04-2016,45.62490
06-04-2016,45.58900
05-04-2016,45.55310
04-04-2016,45.52490
01-04-2016,45.46190
31-03-2016,45.45790
30-03-2016,45.39330
29-03-2016,45.36710
28-03-2016,45.37230
23-03-2016,45.27420
22-03-2016,45.28070
21-03-2016,45.24670
18-03-2016,45.17790
17-03-2016,45.14410
16-03-2016,45.06620
15-03-2016,45.03940
14-03-2016,45.00360
11-03-2016,44.87710
10-03-2016,44.87350
09-03-2016,44.87830
08-03-2016,44.87210
04-03-2016,44.84350
03-03-2016,44.82600
02-03-2016,44.84760
01-03-2016,44.83930
29-02-2016,44.82580
26-02-2016,44.56880
25-02-2016,44.53330
24-02-2016,44.65120
23-02-2016,44.66000
22-02-2016,44.71460
19-02-2016,44.72550
18-02-2016,44.71860
17-02-2016,44.72030
16-02-2016,44.73020
15-02-2016,44.75660
12-02-2016,44.74790
11-02-2016,44.77050
10-02-2016,44.76160
09-02-2016,44.75910
08-02-2016,44.75400
05-02-2016,44.69680
04-02-2016,44.65820
03-02-2016,44.69430
02-02-2016,44.70190
01-02-2016,44.74630
29-01-2016,44.72670
28-01-2016,44.69880
27-01-2016,44.71870
25-01-2016,44.68790
22-01-2016,44.68910
21-01-2016,44.69650
20-01-2016,44.66220
19-01-2016,44.62740
18-01-2016,44.58640
15-01-2016,44.58230
14-01-2016,44.62090
13-01-2016,44.62710
12-01-2016,44.66410
11-01-2016,44.66440
08-01-2016,44.65890
07-01-2016,44.64740
06-01-2016,44.61710
05-01-2016,44.61220
04-01-2016,44.58800
01-01-2016,44.55680
31-12-2015,44.51230
30-12-2015,44.43960
29-12-2015,44.44250
28-12-2015,44.43720
24-12-2015,44.41590
23-12-2015,44.40900
22-12-2015,44.38200
21-12-2015,44.36860
18-12-2015,44.37600
17-12-2015,44.40110
16-12-2015,44.36320
15-12-2015,44.33210
14-12-2015,44.33160
11-12-2015,44.31770
10-12-2015,44.33080
09-12-2015,44.33900
08-12-2015,44.32590
07-12-2015,44.35390
04-12-2015,44.34340
03-12-2015,44.37620
02-12-2015,44.35830
01-12-2015,44.30460
30-11-2015,44.29990
27-11-2015,44.30840
26-11-2015,44.32830
24-11-2015,44.32680
23-11-2015,44.30200
20-11-2015,44.26060
19-11-2015,44.28600
18-11-2015,44.26690
17-11-2015,44.27410
16-11-2015,44.30430
13-11-2015,44.26520
10-11-2015,44.19760
09-11-2015,44.17810
06-11-2015,44.19240
05-11-2015,44.19480
04-11-2015,44.21060
03-11-2015,44.21290
02-11-2015,44.20410
30-10-2015,44.16650
28-10-2015,44.17300
27-10-2015,44.16770
26-10-2015,44.15750
23-10-2015,44.15690
21-10-2015,44.13280
20-10-2015,44.12750
19-10-2015,44.11980
16-10-2015,44.10220
15-10-2015,44.03910
14-10-2015,44.02640
13-10-2015,43.99750
12-10-2015,43.98980
09-10-2015,43.97800
08-10-2015,43.96410
07-10-2015,43.93560
06-10-2015,43.93150
05-10-2015,43.93630
01-10-2015,43.87480
30-09-2015,43.88410
29-09-2015,43.81210
28-09-2015,43.68230
24-09-2015,43.65880
23-09-2015,43.65020
22-09-2015,43.64610
21-09-2015,43.65660
18-09-2015,43.64320
16-09-2015,43.57590
15-09-2015,43.57010
14-09-2015,43.56710
11-09-2015,43.54150
10-09-2015,43.53090
09-09-2015,43.55160
08-09-2015,43.53300
07-09-2015,43.47460
04-09-2015,43.47560
03-09-2015,43.48630
02-09-2015,43.49290
01-09-2015,43.48340
31-08-2015,43.45710
28-08-2015,43.44200
27-08-2015,43.45620
26-08-2015,43.41960
25-08-2015,43.41000
24-08-2015,43.35960
21-08-2015,43.40800
20-08-2015,43.41490
19-08-2015,43.41060
18-08-2015,43.39570
17-08-2015,43.38900
14-08-2015,43.36970
13-08-2015,43.32440
12-08-2015,43.29900
11-08-2015,43.29620
10-08-2015,43.28180
07-08-2015,43.26010
06-08-2015,43.24070
05-08-2015,43.21570
04-08-2015,43.21610
03-08-2015,43.23760
31-07-2015,43.21340
30-07-2015,43.13100
29-07-2015,43.10700
28-07-2015,43.09700
27-07-2015,43.04960
24-07-2015,43.02620
23-07-2015,43.01800
22-07-2015,43.00400
21-07-2015,42.99280
20-07-2015,42.98490
17-07-2015,42.96630
16-07-2015,42.95320
15-07-2015,42.95380
14-07-2015,42.92920
13-07-2015,42.90950
10-07-2015,42.94660
09-07-2015,42.93930
08-07-2015,42.95210
07-07-2015,42.95730
06-07-2015,42.95820
03-07-2015,42.91760
02-07-2015,42.91320
01-07-2015,42.88110
30-06-2015,42.85620
29-06-2015,42.82320
26-06-2015,42.82220
25-06-2015,42.81610
24-06-2015,42.84040
23-06-2015,42.87650
22-06-2015,42.80910
19-06-2015,42.79940
18-06-2015,42.73800
17-06-2015,42.67040
16-06-2015,42.59420
15-06-2015,42.61520
12-06-2015,42.56740
11-06-2015,42.57450
10-06-2015,42.61010
09-06-2015,42.63460
08-06-2015,42.61810
05-06-2015,42.61420
04-06-2015,42.59240
03-06-2015,42.63190
02-06-2015,42.65700
01-06-2015,42.72390
29-05-2015,42.68370
28-05-2015,42.66570
27-05-2015,59.20900
26-05-2015,42.65000
25-05-2015,42.63780
22-05-2015,42.61150
21-05-2015,42.59390
20-05-2015,42.58860
19-05-2015,42.58970
18-05-2015,42.53430
15-05-2015,42.49310
14-05-2015,42.52620
13-05-2015,42.51440
12-05-2015,42.51040
11-05-2015,42.47830
08-05-2015,42.41170
07-05-2015,42.43590
06-05-2015,42.49920
05-05-2015,42.54210
04-05-2015,42.53980
30-04-2015,42.51290
29-04-2015,42.54480
28-04-2015,42.56410
27-04-2015,42.55070
24-04-2015,42.53640
23-04-2015,42.51510
22-04-2015,42.50910
21-04-2015,42.48510
20-04-2015,42.42900
17-04-2015,42.40490
16-04-2015,42.39500
15-04-2015,42.30050
13-04-2015,42.28710
10-04-2015,42.25440
09-04-2015,42.25890
08-04-2015,42.24720
07-04-2015,42.22490
06-04-2015,42.24150
31-03-2015,42.12830
30-03-2015,42.06030
27-03-2015,42.04430
26-03-2015,42.01970
25-03-2015,42.05650
24-03-2015,42.06300
23-03-2015,42.02280
20-03-2015,41.99880
19-03-2015,41.98600
18-03-2015,41.95250
17-03-2015,41.94510
16-03-2015,41.91550
13-03-2015,41.89180
12-03-2015,41.98950
11-03-2015,41.92900
10-03-2015,41.94880
09-03-2015,41.99390
05-03-2015,41.96190
04-03-2015,41.98030
03-03-2015,41.90420
02-03-2015,41.87690
27-02-2015,41.85730
26-02-2015,41.79300
25-02-2015,41.79980
24-02-2015,41.77910
23-02-2015,41.78160
20-02-2015,41.74610
19-02-2015,41.72400
18-02-2015,41.71670
16-02-2015,41.71060
13-02-2015,41.70160
12-02-2015,41.65620
11-02-2015,41.67910
10-02-2015,41.67710
09-02-2015,41.65710
06-02-2015,41.67210
05-02-2015,41.65520
04-02-2015,41.66980
03-02-2015,41.67340
02-02-2015,41.74270
30-01-2015,41.69150
29-01-2015,41.67120
28-01-2015,41.66250
27-01-2015,41.66130
23-01-2015,41.62820
22-01-2015,41.61530
21-01-2015,41.62360
20-01-2015,41.54400
19-01-2015,41.47450
16-01-2015,41.47040
15-01-2015,41.40290
14-01-2015,41.28560
13-01-2015,41.28260
12-01-2015,41.22020
09-01-2015,41.17580
08-01-2015,41.16800
07-01-2015,41.15280
06-01-2015,41.10860
05-01-2015,41.11540
02-01-2015,41.10980
01-01-2015,41.10570
31-12-2014,41.12360
30-12-2014,41.08750
29-12-2014,41.04400
26-12-2014,40.99400
24-12-2014,40.99040
23-12-2014,41.00540
22-12-2014,40.95000
19-12-2014,40.95560
18-12-2014,40.98950
17-12-2014,40.95830
16-12-2014,40.95130
15-12-2014,41.11370
12-12-2014,41.09590
11-12-2014,40.98660
10-12-2014,40.92020
09-12-2014,40.92160
08-12-2014,40.89710
05-12-2014,40.86210
04-12-2014,40.82470
03-12-2014,40.80310
02-12-2014,40.79770
01-12-2014,40.69690
28-11-2014,40.64520
27-11-2014,40.56920
26-11-2014,40.58110
25-11-2014,40.57550
24-11-2014,40.55670
21-11-2014,40.53050
20-11-2014,40.52280
19-11-2014,40.51610
18-11-2014,40.52130
17-11-2014,40.48640
14-11-2014,40.39220
13-11-2014,40.39400
12-11-2014,40.44050
11-11-2014,40.40850
10-11-2014,40.41170
07-11-2014,40.34580
05-11-2014,40.36750
03-11-2014,40.22420
31-10-2014,40.10820
30-10-2014,40.07300
29-10-2014,40.02820
28-10-2014,40.00240
27-10-2014,39.95730
22-10-2014,39.85980
21-10-2014,39.83910
20-10-2014,39.81880
17-10-2014,39.76420
16-10-2014,39.74800
14-10-2014,39.68630
13-10-2014,39.65040
10-10-2014,39.60450
09-10-2014,39.58210
08-10-2014,39.61810
07-10-2014,39.56630
01-10-2014,39.50140
30-09-2014,39.46010
29-09-2014,39.47300
26-09-2014,39.48390
25-09-2014,39.43780
24-09-2014,39.41990
23-09-2014,39.36320
22-09-2014,39.37500
19-09-2014,39.34140
18-09-2014,39.33410
17-09-2014,39.29290
16-09-2014,39.27600
15-09-2014,39.27150
12-09-2014,39.23690
11-09-2014,39.22600
10-09-2014,39.19890
09-09-2014,39.20400
08-09-2014,39.20590
05-09-2014,39.16660
04-09-2014,39.15690
03-09-2014,39.15390
02-09-2014,39.12100
01-09-2014,39.11200
28-08-2014,39.09050
27-08-2014,39.07560
26-08-2014,39.06010
25-08-2014,39.05690
22-08-2014,39.05900
21-08-2014,39.04880
20-08-2014,39.05770
19-08-2014,39.00160
18-08-2014,38.99620
14-08-2014,38.96270
13-08-2014,38.86520
12-08-2014,38.84150
11-08-2014,38.84400
08-08-2014,38.79130
07-08-2014,38.80110
06-08-2014,38.76540
05-08-2014,38.79960
04-08-2014,38.88740
01-08-2014,38.85750
31-07-2014,38.86810
30-07-2014,38.85680
28-07-2014,38.87390
25-07-2014,38.87610
24-07-2014,38.86790
23-07-2014,38.84520
22-07-2014,38.79920
21-07-2014,38.72690
18-07-2014,38.70190
17-07-2014,38.70580
16-07-2014,38.67160
15-07-2014,38.64800
14-07-2014,38.61060
11-07-2014,38.62440
10-07-2014,38.69630
09-07-2014,38.70790
08-07-2014,38.70230
07-07-2014,38.72060
04-07-2014,38.69530
03-07-2014,38.65530
02-07-2014,38.64410
01-07-2014,38.58410
30-06-2014,38.56130
27-06-2014,38.54210
26-06-2014,38.53800
25-06-2014,38.53440
24-06-2014,38.54020
23-06-2014,38.51650
20-06-2014,38.53140
19-06-2014,38.55460
18-06-2014,38.56170
17-06-2014,38.58610
16-06-2014,38.54660
13-06-2014,38.56810
12-06-2014,38.57590
11-06-2014,38.57200
10-06-2014,38.52800
09-06-2014,38.52160
06-06-2014,38.51900
05-06-2014,38.46750
04-06-2014,38.39830
03-06-2014,38.35020
02-06-2014,38.25860
30-05-2014,38.25550
29-05-2014,38.20840
28-05-2014,38.16430
27-05-2014,38.11210
26-05-2014,38.07850
23-05-2014,38.10700
22-05-2014,38.03470
21-05-2014,37.95680
20-05-2014,37.89930
19-05-2014,37.87020
16-05-2014,37.84050
15-05-2014,37.83220
13-05-2014,37.80410
12-05-2014,37.82280
09-05-2014,37.79290
08-05-2014,37.76560
07-05-2014,37.73670
06-05-2014,37.74460
05-05-2014,37.74070
02-05-2014,37.70770
30-04-2014,37.66240
29-04-2014,37.69710
28-04-2014,37.70590
25-04-2014,37.70270
23-04-2014,37.70780
22-04-2014,37.74170
21-04-2014,37.72150
17-04-2014,37.60550
16-04-2014,37.53130
15-04-2014,37.53060
11-04-2014,37.47510
10-04-2014,37.41440
09-04-2014,37.38890
07-04-2014,37.36180
04-04-2014,37.35670
03-04-2014,37.40300
02-04-2014,37.43000
01-04-2014,37.52180
31-03-2014,37.51790
28-03-2014,37.38670
27-03-2014,37.34660
26-03-2014,37.35400
25-03-2014,37.34200
24-03-2014,37.34290
21-03-2014,37.28500
20-03-2014,37.21390
19-03-2014,37.20870
18-03-2014,37.18300
14-03-2014,37.11400
13-03-2014,37.10510
12-03-2014,37.10030
11-03-2014,37.07740
10-03-2014,37.00710
07-03-2014,36.95040
06-03-2014,36.93460
05-03-2014,36.89930
04-03-2014,36.87790
03-03-2014,36.85790
28-02-2014,36.84610
26-02-2014,36.79200
25-02-2014,36.79120
24-02-2014,36.79130
21-02-2014,36.80640
20-02-2014,36.79110
19-02-2014,36.79360
18-02-2014,36.78520
17-02-2014,36.75990
14-02-2014,36.72690
13-02-2014,36.70830
12-02-2014,36.71910
11-02-2014,36.78560
10-02-2014,36.86260
07-02-2014,36.82020
06-02-2014,36.80470
05-02-2014,36.80030
04-02-2014,36.81140
03-02-2014,36.75390
31-01-2014,36.71040
30-01-2014,36.68430
29-01-2014,36.72890
28-01-2014,36.74250
27-01-2014,36.77200
24-01-2014,36.78450
23-01-2014,36.84710
22-01-2014,36.85500
21-01-2014,36.88890
20-01-2014,36.89390
17-01-2014,36.78630
16-01-2014,36.80980
15-01-2014,36.76070
14-01-2014,36.68770
13-01-2014,36.67950
10-01-2014,36.61050
09-01-2014,36.57540
08-01-2014,36.54080
07-01-2014,36.53970
06-01-2014,36.53070
03-01-2014,36.78210
02-01-2014,36.60430
01-01-2014,36.75520
31-12-2013,36.75390
30-12-2013,36.72430
27-12-2013,36.66540
26-12-2013,36.66750
24-12-2013,36.65620
23-12-2013,36.67280
21-12-2013,36.69260
20-12-2013,36.68520
19-12-2013,36.70880
18-12-2013,36.63310
17-12-2013,36.54770
16-12-2013,36.56190
13-12-2013,36.53460
12-12-2013,36.58790
11-12-2013,36.57810
10-12-2013,36.55220
09-12-2013,36.57260
06-12-2013,36.57610
05-12-2013,36.59910
04-12-2013,36.58390
03-12-2013,36.57280
02-12-2013,36.56480
29-11-2013,36.54170
28-11-2013,36.53910
27-11-2013,36.51790
26-11-2013,36.50710
25-11-2013,36.48870
22-11-2013,36.45680
21-11-2013,36.43630
20-11-2013,36.43040
19-11-2013,36.41800
18-11-2013,36.38560
15-11-2013,36.35870
14-11-2013,36.35120
13-11-2013,36.36420
12-11-2013,36.35420
11-11-2013,36.38010
08-11-2013,36.40290
07-11-2013,36.40800
06-11-2013,36.42040
05-11-2013,36.43050
04-11-2013,36.42460
01-11-2013,36.40030
31-10-2013,36.40120
30-10-2013,36.39150
29-10-2013,36.25280
28-10-2013,36.23040
25-10-2013,36.20770
24-10-2013,36.19930
23-10-2013,36.19280
22-10-2013,36.17830
21-10-2013,36.18960
18-10-2013,36.17240
17-10-2013,36.13990
16-10-2013,36.10950
15-10-2013,36.10150
14-10-2013,36.12950
11-10-2013,36.12180
10-10-2013,36.11890
09-10-2013,36.12180
08-10-2013,36.10330
07-10-2013,35.97730
04-10-2013,35.93290
03-10-2013,35.87970
02-10-2013,35.84270
01-10-2013,35.83530
30-09-2013,35.83170
27-09-2013,35.79600
26-09-2013,35.78560
25-09-2013,35.73260
24-09-2013,35.71260
23-09-2013,35.71280
20-09-2013,35.74990
19-09-2013,35.78850
18-09-2013,35.70560
17-09-2013,35.66520
16-09-2013,35.67100
13-09-2013,35.62100
12-09-2013,35.62630
11-09-2013,35.63410
10-09-2013,35.61110
06-09-2013,35.56460
05-09-2013,35.57350
04-09-2013,35.49150
03-09-2013,35.43860
02-09-2013,35.43640
30-08-2013,35.37670
29-08-2013,35.31580
28-08-2013,35.24370
27-08-2013,35.34710
26-08-2013,35.42280
23-08-2013,35.42500
22-08-2013,35.38180
21-08-2013,35.39080
20-08-2013,35.24060
19-08-2013,35.17240
16-08-2013,35.31620
14-08-2013,35.35010
13-08-2013,35.38950
12-08-2013,35.43220
08-08-2013,35.44770
07-08-2013,35.42170
06-08-2013,35.40340
05-08-2013,35.41890
02-08-2013,35.36660
01-08-2013,35.37540
31-07-2013,35.32630
30-07-2013,35.37330
29-07-2013,35.40070
26-07-2013,35.37960
25-07-2013,35.30840
24-07-2013,35.23100
23-07-2013,35.36110
22-07-2013,35.39200
19-07-2013,35.42860
18-07-2013,35.36150
17-07-2013,35.29780
16-07-2013,35.31000
15-07-2013,35.61260
12-07-2013,35.61810
11-07-2013,35.60250
10-07-2013,35.58790
09-07-2013,35.58970
08-07-2013,35.57800
05-07-2013,35.59790
04-07-2013,35.57910
03-07-2013,35.49100
02-07-2013,35.52010
01-07-2013,35.52250
28-06-2013,35.48880
27-06-2013,35.43480
26-06-2013,35.43790
25-06-2013,35.46360
24-06-2013,35.44560
21-06-2013,35.46080
20-06-2013,34.71510
19-06-2013,35.55380
18-06-2013,35.54790
17-06-2013,35.53620
14-06-2013,35.48710
13-06-2013,35.47440
12-06-2013,35.46230
11-06-2013,35.46870
10-06-2013,35.50360
07-06-2013,35.62940
06-06-2013,35.63540
05-06-2013,35.63360
04-06-2013,35.61560
03-06-2013,35.60250
31-05-2013,35.59120
30-05-2013,35.61540
29-05-2013,35.61320
28-05-2013,35.62390
27-05-2013,35.63270
24-05-2013,35.58630
23-05-2013,35.56820
22-05-2013,35.57960
21-05-2013,35.57850
20-05-2013,35.56320
17-05-2013,35.50210
16-05-2013,35.47870
15-05-2013,35.47700
14-05-2013,35.44640
13-05-2013,35.30000
10-05-2013,35.28480
09-05-2013,35.27740
08-05-2013,35.25160
07-05-2013,35.23510
06-05-2013,35.22770
03-05-2013,35.18700
02-05-2013,35.17900
30-04-2013,35.13820
29-04-2013,35.11670
26-04-2013,35.08700
25-04-2013,35.08190
24-04-2013,35.06830
23-04-2013,35.06200
22-04-2013,35.05370
19-04-2013,35.02760
18-04-2013,35.02140
17-04-2013,34.97240
16-04-2013,34.96180
15-04-2013,34.94940
12-04-2013,34.92190
11-04-2013,34.90920
10-04-2013,34.90260
09-04-2013,34.89440
08-04-2013,34.88500
05-04-2013,34.85200
04-04-2013,34.84790
03-04-2013,34.83580
02-04-2013,34.82410
01-04-2013,34.79030
29-03-2013,34.76920
28-03-2013,34.76270
26-03-2013,34.74010
25-03-2013,34.68090
22-03-2013,34.75650
21-03-2013,34.74900
20-03-2013,34.71510
19-03-2013,34.72720
18-03-2013,34.72450
15-03-2013,34.69870
14-03-2013,34.67640
13-03-2013,34.65140
12-03-2013,34.63990
11-03-2013,34.63460
08-03-2013,34.61890
07-03-2013,34.60770
06-03-2013,34.59690
05-03-2013,34.57960
04-03-2013,34.56990
01-03-2013,34.54570
28-02-2013,34.53990
27-02-2013,34.54430
26-02-2013,34.53210
25-02-2013,34.53540
22-02-2013,34.33120
21-02-2013,34.33460
20-02-2013,34.34330
19-02-2013,34.32270
18-02-2013,34.30570
15-02-2013,34.29020
14-02-2013,34.28390
13-02-2013,34.32940
12-02-2013,34.32090
11-02-2013,34.21950
08-02-2013,34.35930
07-02-2013,34.36120
06-02-2013,34.35440
05-02-2013,34.31900
04-02-2013,34.35870
01-02-2013,34.34480
31-01-2013,34.31620
30-01-2013,34.29170
29-01-2013,34.31980
28-01-2013,34.31270
25-01-2013,34.28470
24-01-2013,34.27770
23-01-2013,34.27170
22-01-2013,34.26890
21-01-2013,34.25800
18-01-2013,34.24030
17-01-2013,34.23440
16-01-2013,34.24930
15-01-2013,34.26270
14-01-2013,34.23580
11-01-2013,34.16960
10-01-2013,34.14750
09-01-2013,34.13200
08-01-2013,34.13140
07-01-2013,34.10980
